{"epoch": 7.875, "train_loss": 0.8265719413757324, "raw_loss": 0.5634927153587341, "wd_0": 0.01, "sqr_mom_0": 0.99, "lr_0": 1.4722965399437469e-05, "mom_0": 0.949054525902973, "eps_0": 1e-05, "_timestamp": 1712730424.438386, "train_samples_per_sec": 1730.253463819072, "_runtime": 239.37801003456116, "_step": 62, "valid_loss": 0.7117274403572083, "acc": [0.4753409090909091]}