{"epoch": 0.4893617021276593, "train_loss": 0.9643200039863586, "raw_loss": 0.8411370515823364, "wd_0": 0.01, "sqr_mom_0": 0.99, "lr_0": 1.2249044317497239e-05, "mom_0": 0.9499135262786468, "eps_0": 1e-05, "_timestamp": 1712541421.4101777, "train_samples_per_sec": 1729.143601481149, "_runtime": 13.542133808135986, "_step": 22}