{"epoch": 7.875, "train_loss": 0.5810348391532898, "raw_loss": 0.1872219443321228, "wd_0": 0.01, "sqr_mom_0": 0.99, "lr_0": 7.505999448136598e-05, "mom_0": 0.928104168582859, "eps_0": 1e-05, "_timestamp": 1712594501.4646046, "train_samples_per_sec": 1729.165514139321, "_runtime": 234.2809236049652, "_step": 62, "valid_loss": 0.24360862374305725, "preds": {"_type": "images/separated", "width": 1280, "height": 1, "format": "png", "count": 36, "filenames": ["media/images/preds_31_d344d564ce50024a0f91.png", "media/images/preds_31_06b604833fe8d73d7507.png", "media/images/preds_31_8beacd523b4c8f7207d9.png", "media/images/preds_31_ef24238e89a3bd227c7c.png", "media/images/preds_31_636af376ebd628e0dc21.png", "media/images/preds_31_21bd73e01f671e6abf30.png", "media/images/preds_31_d23e3dfb2fea60b3a6ac.png", "media/images/preds_31_f7ebdeac11929f7db8c7.png", "media/images/preds_31_e87afd8fdeb3bca94cda.png", "media/images/preds_31_22b5e64e21c995948873.png", "media/images/preds_31_e42002e5eae3c55f427c.png", "media/images/preds_31_5dcdd8605e940ad008cc.png", "media/images/preds_31_9dda81855f2d18329036.png", "media/images/preds_31_f14a6129ab633173a5a3.png", "media/images/preds_31_dc1938ade734cf52988e.png", "media/images/preds_31_cf442c4f23158977a477.png", "media/images/preds_31_c80969e5f9bb34875bc9.png", "media/images/preds_31_51cc28099f1b394e37b0.png", "media/images/preds_31_6ce81d01a96ac142aa42.png", "media/images/preds_31_2a9053ca4e49bd7ffe48.png", "media/images/preds_31_fdee6269f51bb481c9a4.png", "media/images/preds_31_36022053f4604f635667.png", "media/images/preds_31_9dbb0379247e19d8ff17.png", "media/images/preds_31_9eb700369c93c8ed5632.png", "media/images/preds_31_8f293f70d1a406ae8895.png", "media/images/preds_31_24e77cf8378574bacb67.png", "media/images/preds_31_7c131091c59563418a19.png", "media/images/preds_31_80e1dc4ce33dabf5ee95.png", "media/images/preds_31_7155b8ea160dff00548c.png", "media/images/preds_31_260e3ef85c5be39baf65.png", "media/images/preds_31_0044428f9e1649b6b851.png", "media/images/preds_31_9147da19732bf263d7ff.png", "media/images/preds_31_0e3e451aba2af38a0c26.png", "media/images/preds_31_f5debb54d11eab89a8d8.png", "media/images/preds_31_5d4c2dba81aced8364c0.png", "media/images/preds_31_7d6b583383bf74933cde.png"]}}