{"epoch": 0.625, "train_loss": 1.0798567533493042, "raw_loss": 1.0372238159179688, "wd_0": 0.01, "sqr_mom_0": 0.99, "lr_0": 1.2284151093630523e-05, "mom_0": 0.9499013364258226, "eps_0": 1e-05, "_timestamp": 1712727949.8796327, "train_samples_per_sec": 1734.405724390118, "_runtime": 9.092354774475098, "_step": 4}