{"epoch": 3.875, "train_loss": 0.8575603365898132, "raw_loss": 0.6793960928916931, "wd_0": 0.01, "sqr_mom_0": 0.99, "lr_0": 1.3303234376515377e-05, "mom_0": 0.9495474880637099, "eps_0": 1e-05, "_timestamp": 1712728871.6297252, "train_samples_per_sec": 1729.3775283420825, "_runtime": 46.668782234191895, "_step": 30, "valid_loss": 0.7921468615531921}