{"epoch": 3.875, "train_loss": 1.1702892780303955, "raw_loss": 1.0016218423843384, "wd_0": 0.01, "sqr_mom_0": 0.99, "lr_0": 1.2639077068608658e-05, "mom_0": 0.9497780982400664, "eps_0": 1e-05, "_timestamp": 1712729921.148058, "train_samples_per_sec": 1736.2398067354825, "_runtime": 21.85357403755188, "_step": 30, "valid_loss": 1.0479021072387695}