{"epoch": 3.875, "train_loss": 1.065464735031128, "raw_loss": 0.9155874252319336, "wd_0": 0.01, "sqr_mom_0": 0.99, "lr_0": 1.2639077068608658e-05, "mom_0": 0.9497780982400664, "eps_0": 1e-05, "_timestamp": 1712729731.296458, "train_samples_per_sec": 1735.4903637423376, "_runtime": 19.501046895980835, "_step": 30, "valid_loss": 0.8104880452156067}