{"epoch": 0.11206896551724141, "train_loss": 1.169170618057251, "raw_loss": 1.135406255722046, "wd_0": 0.01, "sqr_mom_0": 0.99, "lr_0": 1.201216725469892e-05, "mom_0": 0.9499957752587851, "eps_0": 1e-05, "_timestamp": 1712540190.145795, "train_samples_per_sec": 2303.436029829171, "_runtime": 9.490339040756226, "_step": 12}