{"epoch": 3.875, "train_loss": 1.14705228805542, "raw_loss": 0.9742676615715027, "wd_0": 0.01, "sqr_mom_0": 0.99, "lr_0": 1.2639077068608658e-05, "mom_0": 0.9497780982400664, "eps_0": 1e-05, "_timestamp": 1712728933.756093, "train_samples_per_sec": 1732.3262489254807, "_runtime": 25.304322004318237, "_step": 30, "valid_loss": 1.0800279378890991}