{"epoch": 4.0, "train_loss": 0.9840969443321228, "raw_loss": 0.7994970083236694, "wd_0": 0.01, "sqr_mom_0": 0.99, "lr_0": 1.2682358060005395e-05, "mom_0": 0.9497630701180536, "eps_0": 1e-05, "_timestamp": 1712729003.2481444, "train_samples_per_sec": 1735.8918782467565, "_runtime": 26.103891372680664, "_step": 31, "valid_loss": 0.8845111131668091, "_wandb": {"runtime": 218}}