{"epoch": 251.875, "train_loss": 0.05427010357379913, "raw_loss": 0.049180757254362106, "wd_0": 0.01, "sqr_mom_0": 0.99, "lr_0": 0.00022308830044382182, "mom_0": 0.8756374895602883, "eps_0": 1e-05, "_timestamp": 1712771237.6683087, "train_samples_per_sec": 1728.6196905280574, "_runtime": 13511.641289710999, "_step": 2014, "valid_loss": 0.059856679290533066, "acc": 0.5496590909090909}