{"epoch": 100, "train_loss": 0.05500316992402077, "raw_loss": 0.06458371877670288, "wd_0": 0.01, "sqr_mom_0": 0.99, "lr_0": 5.056285471479599e-09, "mom_0": 0.9499993145646551, "eps_0": 1e-05, "_timestamp": 1712694962.056046, "train_samples_per_sec": 1728.510120422698, "_runtime": 394.9863829612732, "_step": 799, "valid_loss": 0.047771356999874115}