{"epoch": 3.875, "train_loss": 0.7316243052482605, "raw_loss": 0.5202965140342712, "wd_0": 0.01, "sqr_mom_0": 0.99, "lr_0": 2.7695061741038014e-05, "mom_0": 0.9445503257843617, "eps_0": 1e-05, "_timestamp": 1712686375.8503294, "train_samples_per_sec": 1733.9739687383649, "_runtime": 24.664539337158203, "_step": 30, "valid_loss": 0.6181114315986633}