{"epoch": 11.978723404255305, "train_loss": 0.012481757439672947, "raw_loss": 0.009675227105617523, "wd_0": 0.01, "sqr_mom_0": 0.99, "lr_0": 0.0001461897873521387, "mom_0": 0.9034063238360629, "eps_0": 1e-05, "_timestamp": 1712542917.1151273, "train_samples_per_sec": 1727.9392056471354, "_runtime": 589.6393933296204, "_step": 562, "valid_loss": 0.010078692808747292, "preds": {"_type": "images/separated", "width": 1280, "height": 1, "format": "png", "count": 36, "filenames": ["media/images/preds_375_fdb36fa822fd20f7cbae.png", "media/images/preds_375_70b0db1467b306447cac.png", "media/images/preds_375_c62f05c58deed9d3bf8a.png", "media/images/preds_375_87efffe762455e9629d5.png", "media/images/preds_375_0e5911b844dd0c868485.png", "media/images/preds_375_91b315fa66a7e4b94b13.png", "media/images/preds_375_135b57467df6a86fb940.png", "media/images/preds_375_70642e30a753f21d98fa.png", "media/images/preds_375_5aa1b6750d128fefdafe.png", "media/images/preds_375_55564837f2da89e99016.png", "media/images/preds_375_0ad6c7991c307edf2719.png", "media/images/preds_375_1ed45b0f9bcd604ddc13.png", "media/images/preds_375_bb032b3554770f6e1e60.png", "media/images/preds_375_82376f63c4b90b4486b8.png", "media/images/preds_375_895e5a61558bce6cf1c1.png", "media/images/preds_375_8b9b1aafd73e38b3e609.png", "media/images/preds_375_86cd0bb3597adfd44848.png", "media/images/preds_375_5eada697b1f80f6bf02e.png", "media/images/preds_375_a04e018c9037c6e3a011.png", "media/images/preds_375_bd1e45ccb2f04bf4b0e7.png", "media/images/preds_375_cb66873bd928e50354aa.png", "media/images/preds_375_037b0ded891703b34193.png", "media/images/preds_375_facd705ef217cf9cf87b.png", "media/images/preds_375_2c10a49347e8153436fe.png", "media/images/preds_375_e40a20c71708a9fa8d5f.png", "media/images/preds_375_f3d2accaf0e56dfe9b02.png", "media/images/preds_375_e546fc985d823a3d17c4.png", "media/images/preds_375_f4a228a4513c00263b2f.png", "media/images/preds_375_554bd5730971f71cc1b6.png", "media/images/preds_375_00b3b72bedff4e7d91b7.png", "media/images/preds_375_59cdfdce77eef3da82c4.png", "media/images/preds_375_6c4c1671c04f19d7466d.png", "media/images/preds_375_d39f2754eeeb8698353c.png", "media/images/preds_375_dc0a5fd6024cd80b4c09.png", "media/images/preds_375_32a92fac05b1edbce5c1.png", "media/images/preds_375_a1968e806f3aceb38760.png"]}}