{"epoch": 3.9787234042553257, "train_loss": 0.1885899305343628, "raw_loss": 0.08058997988700867, "wd_0": 0.01, "sqr_mom_0": 0.99, "lr_0": 2.9442680654952337e-05, "mom_0": 0.9439435136614749, "eps_0": 1e-05, "_timestamp": 1712541955.3618593, "train_samples_per_sec": 1449.2984184344675, "_runtime": 77.6425633430481, "_step": 186, "valid_loss": 0.12221379578113556}