{"epoch": 411.875, "train_loss": 0.05176416411995888, "raw_loss": 0.051557935774326324, "wd_0": 0.01, "sqr_mom_0": 0.99, "lr_0": 3.916373730957265e-05, "mom_0": 0.9369462903597127, "eps_0": 1e-05, "_timestamp": 1712752850.4678502, "train_samples_per_sec": 1728.912326004701, "_runtime": 22200.064231157303, "_step": 3294, "valid_loss": 0.05401170253753662, "acc": 0.5122727272727273}