{"epoch": 3.9787234042553257, "train_loss": 0.1675766557455063, "raw_loss": 0.0847991332411766, "wd_0": 0.01, "sqr_mom_0": 0.99, "lr_0": 2.9442680654952337e-05, "mom_0": 0.9439435136614749, "eps_0": 1e-05, "_timestamp": 1712541530.3395524, "train_samples_per_sec": 1730.1587637254308, "_runtime": 68.52902436256409, "_step": 186, "valid_loss": 0.13201943039894104}