{"epoch": 3.9787234042553257, "train_loss": 0.16923142969608307, "raw_loss": 0.07691720873117447, "wd_0": 0.01, "sqr_mom_0": 0.99, "lr_0": 2.9442680654952337e-05, "mom_0": 0.9439435136614749, "eps_0": 1e-05, "_timestamp": 1712541789.7231677, "train_samples_per_sec": 1733.087193382091, "_runtime": 96.66624569892883, "_step": 186, "valid_loss": 0.1173151358962059}